{
  "IcoMoonType": "selection",
  "icons": [
    {
      "icon": {
        "paths": [
          "M2605.248 557.248c11.578-11.581 18.738-27.578 18.738-45.248s-7.161-33.667-18.739-45.248l-407.296-407.296c-11.654-12.054-27.97-19.538-46.034-19.538-35.346 0-64 28.654-64 64 0 18.064 7.484 34.38 19.52 46.017l0.018 0.017 362.048 362.048-362.048 362.048c-11.116 11.497-17.966 27.179-17.966 44.462 0 35.346 28.654 64 64 64 17.282 0 32.964-6.85 44.479-17.983l-0.018 0.017 407.296-407.296zM0 576h2560v-128h-2560v128z"
        ],
        "attrs": [
          {
            "fill": "rgb(252, 252, 252)"
          }
        ],
        "width": 2624,
        "isMulticolor": false,
        "isMulticolor2": false,
        "grid": 0,
        "tags": [
          "hero-arrow"
        ]
      },
      "attrs": [
        {
          "fill": "rgb(252, 252, 252)"
        }
      ],
      "properties": {
        "order": 13,
        "id": 0,
        "name": "hero-arrow",
        "prevSize": 32
      },
      "setIdx": 0,
      "setId": 2,
      "iconIdx": 0
    }
  ],
  "height": 1024,
  "preferences": {
    "showGlyphs": true,
    "showQuickUse": true,
    "showQuickUse2": true,
    "showSVGs": true,
    "fontPref": {
      "prefix": "icon-",
      "metadata": {
        "fontFamily": "icomoon"
      },
      "metrics": {
        "emSize": 1024,
        "baseline": 6.25,
        "whitespace": 50
      },
      "embed": false
    },
    "imagePref": {
      "prefix": "icon-",
      "png": true,
      "useClassSelector": false,
      "color": 0,
      "bgColor": 16777215,
      "classSelector": ".icon",
      "name": "icomoon",
      "height": 32,
      "columns": 16,
      "margin": 16
    },
    "historySize": 50,
    "showCodes": true,
    "gridSize": 16
  }
}